Date,Time (UTC),Year,Vehicle,Payload,Payload Mass (kg),Orbit,Orbit Category
2010-06-04,18:45:00,2010,Falcon 9,Dragon Spacecraft Qualification Unit,0,LEO,LEO (Other)
2010-12-08,15:43:00,2010,Falcon 9,SpaceX COTS Demo Flight 1 (Dragon C101),0,LEO,LEO (Other)
2012-05-22,07:44:00,2012,Falcon 9,SpaceX COTS Demo Flight 2[14](Dragon C102),525,LEO (ISS),LEO (Other)
2012-10-08,00:35:00,2012,Falcon 9,SpaceX CRS-1[18](Dragon C103),4700,LEO (ISS),LEO (Other)
2013-03-01,15:10:00,2013,Falcon 9,SpaceX CRS-2[18](Dragon C104),4877,LEO (ISS),LEO (Other)
2013-09-29,16:00:00,2013,Falcon 9,CASSIOPE[18][27],500,Polar orbit LEO,LEO (Other)
2013-12-03,22:41:00,2013,Falcon 9,SES-8[18][32][33],3170,GTO,GTO/GEO
2014-01-06,22:06:00,2014,Falcon 9,Thaicom 6[18],3325,GTO,GTO/GEO
2014-04-18,19:25:00,2014,Falcon 9,SpaceX CRS-3[18](Dragon C105),2296,LEO (ISS),LEO (Other)
2014-07-14,15:15:00,2014,Falcon 9,Orbcomm-OG2-1(6 satellites)[18],1316,LEO,LEO (Other)
2014-08-05,08:00:00,2014,Falcon 9,AsiaSat 8[18][51][52],4535,GTO,GTO/GEO
2014-09-07,05:00:00,2014,Falcon 9,AsiaSat 6[18][51][55],4428,GTO,GTO/GEO
2014-09-21,05:52:00,2014,Falcon 9,SpaceX CRS-4[18](Dragon C106.1),2216,LEO (ISS),LEO (Other)
2015-01-10,09:47:00,2015,Falcon 9,SpaceX CRS-5[65](Dragon C107),2395,LEO (ISS),LEO (Other)
2015-02-11,23:03:00,2015,Falcon 9,DSCOVR[65][70],570,Sun–Earth L1 insertion,Other
2015-03-02,03:50:00,2015,Falcon 9,"ABS-3A
Eutelsat 115 West B[65]",4159,GTO,GTO/GEO
2015-04-14,20:10:00,2015,Falcon 9,SpaceX CRS-6[65](Dragon C108.1),1898,LEO (ISS),LEO (Other)
2015-04-27,23:03:00,2015,Falcon 9,TürkmenÄlem 52°E / MonacoSAT[65][84],4707,GTO,GTO/GEO
2015-06-28,14:21:00,2015,Falcon 9,SpaceX CRS-7[65](Dragon C109),0,LEO (ISS),LEO (Other)
2015-12-22,01:29:00,2015,Falcon 9,Orbcomm-OG2-2(11 satellites)[18][94],2034,LEO,LEO (Other)
2016-01-17,18:42:00,2016,Falcon 9,Jason-3[65][101],553,LEO,LEO (Other)
2016-03-04,23:35:00,2016,Falcon 9,SES-9[65][106][107],5271,GTO,GTO/GEO
2016-04-08,20:43:00,2016,Falcon 9,SpaceX CRS-8[65][107](Dragon C110.1),3136,LEO (ISS),LEO (Other)
2016-05-06,05:21:00,2016,Falcon 9,JCSAT-14[119],4696,GTO,GTO/GEO
2016-05-27,21:39:00,2016,Falcon 9,Thaicom 8[126][127],3100,GTO,GTO/GEO
2016-06-15,14:29:00,2016,Falcon 9,"ABS-2A
Eutelsat 117 West B[65]",3600,GTO,GTO/GEO
2016-07-18,04:45:00,2016,Falcon 9,SpaceX CRS-9[65][136](Dragon C111.1),2257,LEO (ISS),LEO (Other)
2016-08-14,05:26:00,2016,Falcon 9,JCSAT-16,4600,GTO,GTO/GEO
2016-09-03,07:00:00,2016,Falcon 9,AMOS-6,0,GTO,GTO/GEO
2017-01-14,17:54:00,2017,Falcon 9,Iridium NEXT-1(10 satellites)[147][148],9600,Polar LEO,LEO (Other)
2017-02-19,14:39:00,2017,Falcon 9,SpaceX CRS-10[136](Dragon C112.1),2490,LEO (ISS),LEO (Other)
2017-03-16,06:00:00,2017,Falcon 9,EchoStar 23,5600,GTO,GTO/GEO
2017-03-30,22:27:00,2017,Falcon 9,SES-10[106][162],5300,GTO,GTO/GEO
2017-05-01,11:15:00,2017,Falcon 9,NROL-76[168],0,LEO[169],LEO (Other)
2017-05-15,23:21:00,2017,Falcon 9,Inmarsat-5 F4[174],6070,GTO,GTO/GEO
2017-06-03,21:07:00,2017,Falcon 9,SpaceX CRS-11[136](Dragon C106.2),2708,LEO (ISS),LEO (Other)
2017-06-23,19:10:00,2017,Falcon 9,BulgariaSat-1[190],3669,GTO,GTO/GEO
2017-06-25,20:25:00,2017,Falcon 9,Iridium NEXT-2(10 satellites),9600,LEO,LEO (Other)
2017-07-05,23:38:00,2017,Falcon 9,Intelsat 35e[195],6761,GTO,GTO/GEO
2017-08-14,16:31:00,2017,Falcon 9,SpaceX CRS-12[136](Dragon C113.1),3310,LEO (ISS),LEO (Other)
2017-08-24,18:51:00,2017,Falcon 9,Formosat-5[204][205],475,SSO,SSO (Other)
2017-09-07,14:00:00,2017,Falcon 9,Boeing X-37B OTV-5,4990,LEO,LEO (Other)
2017-10-09,12:37:00,2017,Falcon 9,Iridium NEXT-3(10 satellites)[147],9600,Polar LEO,LEO (Other)
2017-10-11,22:53:00,2017,Falcon 9,SES-11 / EchoStar 105,5400,GTO,GTO/GEO
2017-10-30,19:34:00,2017,Falcon 9,Koreasat 5A[218],3500,GTO,GTO/GEO
2017-12-15,15:36:00,2017,Falcon 9,SpaceX CRS-13[136](Dragon C108.2),2205,LEO (ISS),LEO (Other)
2017-12-23,01:27:00,2017,Falcon 9,Iridium NEXT-4(10 satellites)[147],9600,Polar LEO,LEO (Other)
2018-01-08,01:00:00,2018,Falcon 9,Zuma[233],0,LEO,LEO (Other)
2018-01-31,21:25:00,2018,Falcon 9,GovSat-1 (SES-16)[239],4230,GTO,GTO/GEO
2018-02-06,20:45:00,2018,Falcon Heavy,Elon Musk's Tesla Roadster[246][247],1250,Heliocentric0.99–1.67 AU[248](close to Mars transfer orbit),Other
2018-02-22,14:17:00,2018,Falcon 9,Paz,2150,SSO,SSO (Other)
2018-03-06,05:33:00,2018,Falcon 9,"Hispasat 30W-6[269]
PODSat[270]",6092,GTO,GTO/GEO
2018-03-30,14:14:00,2018,Falcon 9,Iridium NEXT-5(10 satellites)[147],9600,Polar LEO,LEO (Other)
2018-04-02,20:30:00,2018,Falcon 9,SpaceX CRS-14[136](Dragon C110.2),2647,LEO (ISS),LEO (Other)
2018-04-18,22:51:00,2018,Falcon 9,Transiting Exoplanet Survey Satellite (TESS)[296],362,HEO for P/2 orbit,Other
2018-05-11,20:14:00,2018,Falcon 9,Bangabandhu-1[304][305],3600,GTO,GTO/GEO
2018-05-22,19:47:00,2018,Falcon 9,"Iridium NEXT-6(5 satellites)[147][149]
GRACE-FO × 2[315][316]",6460,Polar LEO,LEO (Other)
2018-06-04,04:45:00,2018,Falcon 9,SES-12[323],5384,GTO,GTO/GEO
2018-06-29,09:42:00,2018,Falcon 9,SpaceX CRS-15(Dragon C111.2),2697,LEO (ISS),LEO (Other)
2018-07-22,05:50:00,2018,Falcon 9,Telstar 19V[333],7075,GTO[335],GTO/GEO
2018-07-25,11:39:00,2018,Falcon 9,Iridium NEXT-7(10 satellites)[147],9600,Polar LEO,LEO (Other)
2018-08-07,05:18:00,2018,Falcon 9,Merah Putih (formerly Telkom-4)[347][348],5800,GTO,GTO/GEO
2018-09-10,04:45:00,2018,Falcon 9,Telstar 18V / Apstar-5C[333],7060,GTO[352],GTO/GEO
2018-10-08,02:22:00,2018,Falcon 9,SAOCOM 1A[356][357],3000,SSO,SSO (Other)
2018-11-15,20:46:00,2018,Falcon 9,Es'hail 2[359],5300,GTO,GTO/GEO
2018-12-03,18:34:00,2018,Falcon 9,SSO-A (SmallSat Express)(SHERPA),4000,SSO,SSO (Other)
2018-12-05,18:16:00,2018,Falcon 9,SpaceX CRS-16(Dragon C112.2),2500,LEO (ISS),LEO (Other)
2018-12-23,13:51:00,2018,Falcon 9,GPS III-01 (Vespucci),4400,MEO,MEO
2019-01-11,15:31:00,2019,Falcon 9,Iridium NEXT-8(10 satellites)[147],9600,Polar LEO,LEO (Other)
2019-02-22,01:45:00,2019,Falcon 9,"Nusantara Satu (PSN-6)[391]
Beresheet Moon lander[392]
S5[393]",4850,GTO,GTO/GEO
2019-03-02,07:49:00,2019,Falcon 9,Crew Dragon Demo-1[405](Dragon C204),12055,LEO (ISS),LEO (Other)
2019-04-11,22:35:00,2019,Falcon Heavy,Arabsat-6A[413],6465,GTO,GTO/GEO
2019-05-04,06:48:00,2019,Falcon 9,SpaceX CRS-17[136](Dragon C113.2),2495,LEO (ISS),LEO (Other)
2019-05-24,02:30:00,2019,Falcon 9,Starlink: v0.9 launch (60 satellites),13620,LEO,LEO (Starlink)
2019-06-12,14:17:00,2019,Falcon 9,RADARSAT Constellation(3 satellites),4200,SSO,SSO (Other)
2019-06-25,06:30:00,2019,Falcon Heavy,Space Test Program Flight 2 (STP-2),3700,LEO / MEO,Other
2019-07-25,22:01:00,2019,Falcon 9,SpaceX CRS-18[136](Dragon C108.3),2268,LEO (ISS),LEO (Other)
2019-08-06,23:23:00,2019,Falcon 9,AMOS-17[464],6500,GTO,GTO/GEO
2019-11-11,14:56:00,2019,Falcon 9,Starlink: Launch 1 (60 satellites),15600,LEO,LEO (Starlink)
2019-12-05,17:29:00,2019,Falcon 9,SpaceX CRS-19[474](Dragon C106.3),2617,LEO (ISS),LEO (Other)
2019-12-17,00:10:00,2019,Falcon 9,JCSat-18 / Kacific 1[478],6956,GTO,GTO/GEO
2020-01-07,02:19:00,2020,Falcon 9,Starlink: Launch 2 (60 satellites),15600,LEO,LEO (Starlink)
2020-01-19,15:30:00,2020,Falcon 9,Crew Dragon in-flight abort test[7](Dragon C205.1),12050,Sub-orbital[8],Other
2020-01-29,14:07:00,2020,Falcon 9,Starlink: Launch 3 (60 satellites),15600,LEO,LEO (Starlink)
2020-02-17,15:05:00,2020,Falcon 9,Starlink: Launch 4 (60 satellites),15600,LEO,LEO (Starlink)
2020-03-07,04:50:00,2020,Falcon 9,SpaceX CRS-20 (Dragon C112.3),1977,LEO (ISS),LEO (Other)
2020-03-18,12:16:00,2020,Falcon 9,Starlink: Launch 5 (60 satellites),15600,LEO,LEO (Starlink)
2020-04-22,19:30:00,2020,Falcon 9,Starlink: Launch 6 (60 satellites),15600,LEO,LEO (Starlink)
2020-05-30,19:22:00,2020,Falcon 9,Crew Dragon Demo-2 (Crew Dragon C206.1 Endeavour)[32],12530,LEO (ISS),LEO (Other)
2020-06-04,01:25:00,2020,Falcon 9,Starlink: Launch 7 (60 satellites),15600,LEO,LEO (Starlink)
2020-06-13,09:21:00,2020,Falcon 9,Starlink: Launch 8 (58 satellites),15410,LEO,LEO (Starlink)
2020-06-30,20:10:00,2020,Falcon 9,GPS III-03 (Matthew Henson),4311,MEO,MEO
2020-07-20,21:30:00,2020,Falcon 9,ANASIS-II,50006000,GTO,GTO/GEO
2020-08-07,05:12:00,2020,Falcon 9,Starlink: Launch 9 (57 satellites),14932,LEO,LEO (Starlink)
2020-08-18,14:31:00,2020,Falcon 9,Starlink: Launch 10 (58 satellites),15440,LEO,LEO (Starlink)
2020-08-30,23:18:00,2020,Falcon 9,SAOCOM 1B[69]GNOMES 1[69]Tyvak-0172[70],3130,SSO,SSO (Other)
2020-09-03,12:46:00,2020,Falcon 9,Starlink: Launch 11 (60 satellites),15600,LEO,LEO (Starlink)
2020-10-06,11:29:00,2020,Falcon 9,Starlink: Launch 12 (60 satellites),15600,LEO,LEO (Starlink)
2020-10-18,12:25:00,2020,Falcon 9,Starlink: Launch 13 (60 satellites),15600,LEO,LEO (Starlink)
2020-10-24,15:31:00,2020,Falcon 9,Starlink: Launch 14 (60 satellites),15600,LEO,LEO (Starlink)
2020-11-05,23:24:00,2020,Falcon 9,GPS III-04 (Sacagawea)[53][86],4311,MEO,MEO
2020-11-16,00:27:00,2020,Falcon 9,Crew-1 (Crew Dragon C207.1 Resilience),12500,LEO (ISS),LEO (Other)
2020-11-21,17:17:00,2020,Falcon 9,Sentinel-6 Michael Freilich (Jason-CS A),1192,LEO,LEO (Other)
2020-11-25,02:13:00,2020,Falcon 9,Starlink: Launch 15 (60 satellites),15600,LEO,LEO (Starlink)
2020-12-06,16:17:00,2020,Falcon 9,SpaceX CRS-21 (Dragon C208.1),2972,LEO (ISS),LEO (Other)
2020-12-13,17:30:00,2020,Falcon 9,SXM-7,7000,GTO,GTO/GEO
2020-12-19,14:00:00,2020,Falcon 9,NROL-108,0,LEO,LEO (Other)
2021-01-08,02:15:00,2021,Falcon 9,Türksat 5A[121],3500,GTO,GTO/GEO
2021-01-20,13:02:00,2021,Falcon 9,Starlink: Launch 16 (60 satellites),15600,LEO,LEO (Starlink)
2021-01-24,15:00:00,2021,Falcon 9,Transporter-1 (143 payload smallsat rideshare),5000,SSO,SSO (Other)
2021-02-04,06:19:00,2021,Falcon 9,Starlink: Launch 18 (60 satellites),15600,LEO,LEO (Starlink)
2021-02-16,03:59:00,2021,Falcon 9,Starlink: Launch 19 (60 satellites),15600,LEO,LEO (Starlink)
2021-03-04,08:24:00,2021,Falcon 9,Starlink: Launch 17 (60 satellites),15600,LEO,LEO (Starlink)
2021-03-11,08:13:00,2021,Falcon 9,Starlink: Launch 20 (60 satellites),15600,LEO,LEO (Starlink)
2021-03-14,10:01:00,2021,Falcon 9,Starlink: Launch 21 (60 satellites),15600,LEO,LEO (Starlink)
2021-03-24,08:28:00,2021,Falcon 9,Starlink: Launch 22 (60 satellites),15600,LEO,LEO (Starlink)
2021-04-07,16:34:00,2021,Falcon 9,Starlink: Launch 23 (60 satellites),15600,LEO,LEO (Starlink)
2021-04-23,09:49:00,2021,Falcon 9,Crew-2 (Crew Dragon C206.2 Endeavour),13000,LEO (ISS),LEO (Other)
2021-04-29,03:44:00,2021,Falcon 9,Starlink: Launch 24 (60 satellites),15600,LEO,LEO (Starlink)
2021-05-04,19:01:00,2021,Falcon 9,Starlink: Launch 25 (60 satellites),15600,LEO,LEO (Starlink)
2021-05-09,06:42:00,2021,Falcon 9,Starlink: Launch 27 (60 satellites),15600,LEO,LEO (Starlink)
2021-05-15,22:56:00,2021,Falcon 9,Starlink: Launch 26 (52 satellites),15440,LEO,LEO (Starlink)
2021-05-26,18:59:00,2021,Falcon 9,Starlink: Launch 28 (60 satellites),15600,LEO,LEO (Starlink)
2021-06-03,17:29:00,2021,Falcon 9,SpaceX CRS-22 (Dragon C209.1),3328,LEO (ISS),LEO (Other)
2021-06-06,04:26:00,2021,Falcon 9,SXM-8[185],7000,GTO,GTO/GEO
2021-06-17,16:09:00,2021,Falcon 9,USA-319 / GPS III-05 (Neil Armstrong)[53][189],4331,MEO,MEO
2021-06-30,19:31:00,2021,Falcon 9,Transporter-2 (88 payload smallsat rideshare),0,SSO,SSO (Other)
2021-08-29,07:14:00,2021,Falcon 9,SpaceX CRS-23 (Dragon C208.2),2200,LEO (ISS),LEO (Other)
2021-09-14,03:55:00,2021,Falcon 9,Starlink: Group 2-1 (51 satellites),13260,LEO,LEO (Starlink)
2021-09-16,00:02:00,2021,Falcon 9,Inspiration4 (Crew Dragon C207.2 Resilience),12519,LEO,LEO (Other)
2021-11-11,02:03:00,2021,Falcon 9,Crew-3 (Crew Dragon C210.1 Endurance),13000,LEO (ISS),LEO (Other)
2021-11-13,12:19:00,2021,Falcon 9,Starlink: Group 4-1 (53 satellites),15635,LEO,LEO (Starlink)
2021-11-24,06:21:00,2021,Falcon 9,Double Asteroid Redirection Test (DART)[226],624,Heliocentric,Heliocentric
2021-12-02,23:12:00,2021,Falcon 9,Starlink: Group 4-3 (48 satellites),14500,LEO,LEO (Starlink)
2021-12-09,06:00:00,2021,Falcon 9,Imaging X-ray Polarimetry Explorer (IXPE)[235],325,LEO,LEO (Other)
2021-12-18,12:41:00,2021,Falcon 9,Starlink: Group 4-4 (52 satellites),15600,LEO,LEO (Starlink)
2021-12-19,03:58:00,2021,Falcon 9,Türksat 5B[240],4500,GTO,GTO/GEO
2021-12-21,10:06:00,2021,Falcon 9,SpaceX CRS-24 (Dragon C209.2),2989,LEO (ISS),LEO (Other)
2022-01-06,21:49:00,2022,Falcon 9,Starlink: Group 4-5 (49 satellites),14500,LEO,LEO (Starlink)
2022-01-13,15:25:00,2022,Falcon 9,Transporter-3 (105 payload smallsat rideshare)[253],0,SSO,SSO (Other)
2022-01-19,02:02:00,2022,Falcon 9,Starlink: Group 4-6 (49 satellites),14500,LEO,LEO (Starlink)
2022-01-31,23:11:00,2022,Falcon 9,CSG-2,2205,SSO,SSO (Other)
2022-02-02,20:27:00,2022,Falcon 9,NROL-87,0,SSO,SSO (Other)
2022-02-03,18:13:00,2022,Falcon 9,Starlink: Group 4-7 (49 satellites),14500,LEO,LEO (Starlink)
2022-02-21,14:44:00,2022,Falcon 9,Starlink: Group 4-8 (46 satellites),13600,LEO,LEO (Starlink)
2022-02-25,17:12:00,2022,Falcon 9,Starlink: Group 4-11 (50 satellites),14750,LEO,LEO (Starlink)
2022-03-03,14:25:00,2022,Falcon 9,Starlink: Group 4-9 (47 satellites),13900,LEO,LEO (Starlink)
2022-03-09,13:45:00,2022,Falcon 9,Starlink: Group 4-10 (48 satellites),14160,LEO,LEO (Starlink)
2022-03-19,04:42:00,2022,Falcon 9,Starlink: Group 4-12 (53 satellites),16250,LEO,LEO (Starlink)
2022-04-01,16:24:00,2022,Falcon 9,Transporter-4 (40 payload smallsat rideshare),0,SSO,SSO (Other)
2022-04-08,15:17:00,2022,Falcon 9,Axiom-1 (Crew Dragon C206.3 Endeavour)[285],13000,LEO (ISS),LEO (Other)
2022-04-17,13:13:00,2022,Falcon 9,NROL-85 (Intruder 13A [NOSS-3 9A] and Intruder 13B [(NOSS-3 9B])[289],0,LEO,LEO (Other)
2022-04-21,17:51:00,2022,Falcon 9,Starlink: Group 4-14 (53 satellites),16250,LEO,LEO (Starlink)
2022-04-27,07:52:00,2022,Falcon 9,Crew-4 (Crew Dragon C212.1 Freedom)[98][297],13000,LEO (ISS),LEO (Other)
2022-04-29,21:27:00,2022,Falcon 9,Starlink: Group 4-16 (53 satellites),16250,LEO,LEO (Starlink)
2022-05-06,09:46:00,2022,Falcon 9,Starlink: Group 4-17 (53 satellites),16250,LEO,LEO (Starlink)
2022-05-13,22:07:00,2022,Falcon 9,Starlink: Group 4-13 (53 satellites),16250,LEO,LEO (Starlink)
2022-05-14,20:40:00,2022,Falcon 9,Starlink: Group 4-15 (53 satellites),16250,LEO,LEO (Starlink)
2022-05-18,10:59:00,2022,Falcon 9,Starlink: Group 4-18 (53 satellites),16250,LEO,LEO (Starlink)
2022-05-25,18:35:00,2022,Falcon 9,Transporter-5 (59 payload smallsat rideshare),0,SSO,SSO (Other)
2022-06-08,21:03:00,2022,Falcon 9,Nilesat-301[309],4100,GTO,GTO/GEO
2022-06-17,16:09:00,2022,Falcon 9,Starlink: Group 4-19 (53 satellites),16250,LEO,LEO (Starlink)
2022-06-18,14:19:00,2022,Falcon 9,SARah 1,4000,SSO,SSO (Other)
2022-06-19,04:27:00,2022,Falcon 9,Globalstar-2 M087 (FM15)[319]USA 328-331,700,LEO,LEO (Other)
2022-06-29,21:04:00,2022,Falcon 9,SES-22,3500,GTO,GTO/GEO
2022-07-07,13:11:00,2022,Falcon 9,Starlink: Group 4-21 (53 satellites),16250,LEO,LEO (Starlink)
2022-07-11,01:39:00,2022,Falcon 9,Starlink: Group 3-1 (46 satellites),14100,SSO,SSO (Starlink)
2022-07-15,00:44:00,2022,Falcon 9,SpaceX CRS-25 (Dragon C208.3)[332],2668,LEO (ISS),LEO (Other)
2022-07-17,14:20:00,2022,Falcon 9,Starlink: Group 4-22 (53 satellites),16250,LEO,LEO (Starlink)
2022-07-22,17:39:00,2022,Falcon 9,Starlink: Group 3-2) (46 satellites),14100,SSO,SSO (Starlink)
2022-07-24,13:38:00,2022,Falcon 9,Starlink: Group 4-25 (53 satellites),16250,LEO,LEO (Starlink)
2022-08-04,23:08:00,2022,Falcon 9,Danuri (Korea Pathfinder Lunar Orbiter),679,BLT,Other
2022-08-10,02:14:00,2022,Falcon 9,Starlink: Group 4-26 (52 satellites),16000,LEO,LEO (Starlink)
2022-08-12,21:40:00,2022,Falcon 9,Starlink: Group 3-3 (46 satellites),14100,SSO,SSO (Starlink)
2022-08-19,19:21:00,2022,Falcon 9,Starlink: Group 4-27 (53 satellites),16250,LEO,LEO (Starlink)
2022-08-28,03:41:00,2022,Falcon 9,Starlink: Group 4-23 (54 satellites),16700,LEO,LEO (Starlink)
2022-08-31,05:40:00,2022,Falcon 9,Starlink: Group 3-4 (46 satellites),14200,SSO,SSO (Starlink)
2022-09-05,02:09:00,2022,Falcon 9,Starlink: Group 4-20 (51 satellites)Sherpa-LTC2,16000,LEO,LEO (Starlink)
2022-09-11,01:20:00,2022,Falcon 9,Starlink: Group 4-2 (34 satellites)[356] (34 satellites)BlueWalker-3,11938,LEO,LEO (Starlink)
2022-09-19,00:18:00,2022,Falcon 9,Starlink: Group 4-34 (54 satellites),16700,LEO,LEO (Starlink)
2022-09-24,23:32:00,2022,Falcon 9,Starlink: Group 4-35 (52 satellites),16100,LEO,LEO (Starlink)
2022-10-05,16:00:00,2022,Falcon 9,Crew-5 (Crew Dragon C210.2 Endurance)[98],13000,LEO (ISS),LEO (Other)
2022-10-05,23:10:00,2022,Falcon 9,Starlink: Group 4-29 (52 satellites),16100,LEO,LEO (Starlink)
2022-10-08,23:05:00,2022,Falcon 9,Galaxy 33 & 34,7350,GTO,GTO/GEO
2022-10-15,05:22:00,2022,Falcon 9,Hotbird 13F,4500,GTO,GTO/GEO
2022-10-20,14:50:00,2022,Falcon 9,Starlink: Group 4-36 (54 satellites),16700,LEO,LEO (Starlink)
2022-10-28,01:14:00,2022,Falcon 9,Starlink: Group 4-31 (53 satellites),16400,LEO,LEO (Starlink)
2022-11-01,13:41:00,2022,Falcon Heavy,USSF-44 (Shepherd Demonstration & LDPE-2)[387],3750,GEO,GTO/GEO
2022-11-03,05:22:00,2022,Falcon 9,Hotbird 13G,4500,GTO,GTO/GEO
2022-11-12,16:06:00,2022,Falcon 9,Galaxy 31 and Galaxy 32 (2 satellites),6600,GTO,GTO/GEO
2022-11-23,02:57:00,2022,Falcon 9,Eutelsat 10B,5500,GTO,GTO/GEO
2022-11-26,19:20:00,2022,Falcon 9,SpaceX CRS-26(Dragon C211.1)[401],3528,LEO (ISS),LEO (Other)
2022-12-08,22:27:00,2022,Falcon 9,OneWeb Flight #15 / SpaceX Flight 1 (40 satellites),6000,Polar LEO,LEO (Other)
2022-12-11,07:38:00,2022,Falcon 9,Hakuto-R Mission 1[407]Emirates Lunar MissionLunar Flashlight[408],1000,Ballistic lunar transfer (BLT),BLT
2022-12-16,11:46:00,2022,Falcon 9,Surface Water and Ocean Topography (SWOT)[415],2200,LEO,LEO (Other)
2022-12-16,22:48:00,2022,Falcon 9,O3b mPOWER 1 & 2,4100,MEO,MEO
2022-12-17,21:32:00,2022,Falcon 9,Starlink: Group 4-37 (54 satellites),16700,LEO,LEO (Starlink)
2022-12-28,09:34:00,2022,Falcon 9,Starlink: Group 5-1) 5-1 (54 satellites),16700,LEO,LEO (Starlink)
2022-12-30,07:38:00,2022,Falcon 9,EROS-C3[424],400,Retrograde LEO,LEO (Other)
2023-01-03,14:56:00,2023,Falcon 9,Transporter-6 (115 payload smallsat rideshare),0,SSO,SSO (Other)
2023-01-10,04:50:00,2023,Falcon 9,OneWeb 16 (40 satellites),6000,Polar LEO,LEO (Other)
2023-01-15,22:56:00,2023,Falcon Heavy,USSF-67 (CBAS-2 & LDPE-3A),3750,GEO,GTO/GEO
2023-01-18,12:24:00,2023,Falcon 9,USA-343 (GPS-III SV06),4352,MEO,MEO
2023-01-19,15:43:00,2023,Falcon 9,Starlink: Group 2-4 (51 satellites),15000,LEO,LEO (Starlink)
2023-01-26,09:32:00,2023,Falcon 9,Starlink: Group 5-2 (56 satellites),17400,LEO,LEO (Starlink)
2023-01-31,16:15:00,2023,Falcon 9,Starlink: Group 2-6 (49 satellites),15200,LEO,LEO (Starlink)
2023-02-02,07:58:00,2023,Falcon 9,Starlink: Group 5-3 (53 satellites),16500,LEO,LEO (Starlink)
2023-02-07,01:32:00,2023,Falcon 9,Amazonas Nexus,4146,GTO,GTO/GEO
2023-02-12,05:10:00,2023,Falcon 9,Starlink: Group 5-4 (55 satellites),17100,LEO,LEO (Starlink)
2023-02-17,19:12:00,2023,Falcon 9,Starlink: Group 2-5 (51 satellites),15900,LEO,LEO (Starlink)
2023-02-18,03:59:00,2023,Falcon 9,Inmarsat-6 F2,5470,GTO,GTO/GEO
2023-02-27,23:13:00,2023,Falcon 9,Starlink: Group 6-1 (21 satellites),15300,LEO,LEO (Starlink)
2023-03-02,05:34:00,2023,Falcon 9,Crew-6 (Crew Dragon C206.4 Endeavour),13000,LEO (ISS),LEO (Other)
2023-03-03,18:38:00,2023,Falcon 9,Starlink: Group 2-7 (51 satellites),15900,LEO,LEO (Starlink)
2023-03-09,19:13:00,2023,Falcon 9,OneWeb 17 (40 satellites),6000,LEO,LEO (Other)
2023-03-15,00:30:00,2023,Falcon 9,SpaceX CRS-27 (Dragon C209.3),2852,LEO (ISS),LEO (Other)
2023-03-17,19:26:00,2023,Falcon 9,Starlink: Group 2-8 (52 satellites),16200,LEO,LEO (Starlink)
2023-03-17,23:38:00,2023,Falcon 9,SES-18 & SES-19,7000,GTO,GTO/GEO
2023-03-24,15:43:00,2023,Falcon 9,Starlink: Group 5-5 (56 satellites),17400,LEO,LEO (Starlink)
2023-03-29,20:01:00,2023,Falcon 9,Starlink: Group 5-10 (56 satellites),17400,LEO,LEO (Starlink)
2023-04-02,14:29:00,2023,Falcon 9,SDA Tranche 0A (10 satellites),0,LEO,LEO (Other)
2023-04-07,04:30:00,2023,Falcon 9,Intelsat 40e,5588,GTO,GTO/GEO
2023-04-15,06:47:00,2023,Falcon 9,Transporter-7 (51 payload smallsat rideshare),0,SSO,SSO (Other)
2023-04-19,14:31:00,2023,Falcon 9,Starlink: Group 6-2 (21 satellites),15300,LEO,LEO (Starlink)
2023-04-20,13:33:00,2023,Block 1 Starship,Starship Test,0,Transatmospheric[12],Transatmospheric
2023-04-27,13:40:00,2023,Falcon 9,Starlink: Group 3-5 (46 satellites),14100,SSO,SSO (Starlink)
2023-04-28,22:12:00,2023,Falcon 9,O3b mPOWER 3 & 4,4100,MEO,MEO
2023-05-01,00:26:00,2023,Falcon Heavy,ViaSat-3 Americas[87][88],6400,GEO,GTO/GEO
2023-05-04,07:31:00,2023,Falcon 9,Starlink: Group 5-6 (56 satellites),17400,LEO,LEO (Starlink)
2023-05-10,20:09:00,2023,Falcon 9,Starlink: Group 2-9 (51 satellites),15900,LEO,LEO (Starlink)
2023-05-14,05:03:00,2023,Falcon 9,Starlink: Group 5-9 (56 satellites),17400,LEO,LEO (Starlink)
2023-05-19,06:19:00,2023,Falcon 9,Starlink: Group 6-3 (22 satellites),16100,LEO,LEO (Starlink)
2023-05-20,13:16:00,2023,Falcon 9,Iridium-NEXT[98] (5 satellites)OneWeb (15 Gen1 plus a Gen2 test satellite)[99],6600,Polar LEO,LEO (Other)
2023-05-21,21:37:00,2023,Falcon 9,Ax-2 (Crew Dragon C212.2 Freedom),13000,LEO (ISS),LEO (Other)
2023-05-27,04:30:00,2023,Falcon 9,ArabSat 7B (Badr-8)[107],4500,GTO,GTO/GEO
2023-05-31,06:02:00,2023,Falcon 9,Starlink: Group 2-10 (52 satellites),16400,LEO,LEO (Starlink)
2023-06-04,12:20:00,2023,Falcon 9,Starlink: Group 6-4 (22 satellites),16100,LEO,LEO (Starlink)
2023-06-05,15:47:00,2023,Falcon 9,SpaceX CRS-28 (Dragon C208.4),3304,LEO (ISS),LEO (Other)
2023-06-12,07:10:00,2023,Falcon 9,Starlink: Group 5-11 (52 satellites),16400,LEO,LEO (Starlink)
2023-06-12,21:35:00,2023,Falcon 9,Transporter-8 (72 payload smallsat rideshare),0,SSO,SSO (Other)
2023-06-18,22:21:00,2023,Falcon 9,SATRIA[115],4580,GTO,GTO/GEO
2023-06-22,07:19:00,2023,Falcon 9,Starlink: Group 5-7 (47 satellites),14500,LEO,LEO (Starlink)
2023-06-23,15:35:00,2023,Falcon 9,Starlink: Group 5-12 (56 satellites),17400,LEO,LEO (Starlink)
2023-07-01,15:12:00,2023,Falcon 9,Euclid,2160,Sun–Earth L2 injection,Other
2023-07-07,19:29:00,2023,Falcon 9,Starlink: Group 5-13 (48 satellites),14900,LEO,LEO (Starlink)
2023-07-10,03:58:00,2023,Falcon 9,Starlink: Group 6-5 (22 satellites),16100,LEO,LEO (Starlink)
2023-07-16,03:50:00,2023,Falcon 9,Starlink: Group 5-15 (54 satellites),16700,LEO,LEO (Starlink)
2023-07-20,04:09:00,2023,Falcon 9,Starlink: Group 6-15 (15 satellites),12000,LEO,LEO (Starlink)
2023-07-24,00:50:00,2023,Falcon 9,Starlink: Group 6-6 (22 satellites),16100,LEO,LEO (Starlink)
2023-07-28,04:01:00,2023,Falcon 9,Starlink: Group 6-7 (22 satellites),16100,LEO,LEO (Starlink)
2023-07-29,03:04:00,2023,Falcon Heavy,Jupiter-3 (EchoStar-24)[128],9200,GTO,GTO/GEO
2023-08-03,05:00:00,2023,Falcon 9,Galaxy 37,5063,GTO,GTO/GEO
2023-08-07,02:41:00,2023,Falcon 9,Starlink: Group 6-8 (22 satellites),16100,LEO,LEO (Starlink)
2023-08-08,03:57:00,2023,Falcon 9,Starlink: Group 6-20 (15 satellites),12000,LEO,LEO (Starlink)
2023-08-11,05:17:00,2023,Falcon 9,Starlink: Group 6-9 (22 satellites),16100,LEO,LEO (Starlink)
2023-08-17,03:36:00,2023,Falcon 9,Starlink: Group 6-10 (22 satellites),16100,LEO,LEO (Starlink)
2023-08-22,09:37:00,2023,Falcon 9,Starlink: Group 7-1 (21 satellites),15300,LEO,LEO (Starlink)
2023-08-26,07:27:00,2023,Falcon 9,Crew-7[143] (Crew Dragon C210.3 Endurance),13000,LEO (ISS),LEO (Other)
2023-08-27,01:05:00,2023,Falcon 9,Starlink: Group 6-11 (22 satellites),16100,LEO,LEO (Starlink)
2023-09-01,02:21:00,2023,Falcon 9,Starlink: Group 6-13 (22 satellites),16100,LEO,LEO (Starlink)
2023-09-02,02:21:00,2023,Falcon 9,SDA Tranche 0B (13 satellites),0,LEO,LEO (Other)
2023-09-04,02:47:00,2023,Falcon 9,Starlink: Group 6-12 (22 satellites),15300,LEO,LEO (Starlink)
2023-09-09,03:12:00,2023,Falcon 9,Starlink: Group 6-14 (22 satellites),16100,LEO,LEO (Starlink)
2023-09-12,06:57:00,2023,Falcon 9,Starlink: Group 7-2 (21 satellites),15300,LEO,LEO (Starlink)
2023-09-16,03:38:00,2023,Falcon 9,Starlink: Group 6-16 (22 satellites),16100,LEO,LEO (Starlink)
2023-09-20,03:38:00,2023,Falcon 9,Starlink: Group 6-17 (22 satellites),16100,LEO,LEO (Starlink)
2023-09-24,03:38:00,2023,Falcon 9,Starlink: Group 6-18 (22 satellites),16100,LEO,LEO (Starlink)
2023-09-25,08:48:00,2023,Falcon 9,Starlink: Group 7-3 (21 satellites),15300,LEO,LEO (Starlink)
2023-09-30,02:00:00,2023,Falcon 9,Starlink: Group 6-19 (22 satellites),16100,LEO,LEO (Starlink)
2023-10-05,05:36:00,2023,Falcon 9,Starlink: Group 6-21 (22 satellites),16100,LEO,LEO (Starlink)
2023-10-09,07:23:00,2023,Falcon 9,Starlink: Group 7-4 (21 satellites),15300,LEO,LEO (Starlink)
2023-10-13,14:19:00,2023,Falcon Heavy,Psyche[163],2608,Heliocentric,Heliocentric
2023-10-13,23:01:00,2023,Falcon 9,Starlink: Group 6-22 (22 satellites),16100,LEO,LEO (Starlink)
2023-10-18,00:39:00,2023,Falcon 9,Starlink: Group 6-23 (22 satellites),16100,LEO,LEO (Starlink)
2023-10-21,08:23:00,2023,Falcon 9,Starlink: Group 7-5 (21 satellites),15300,LEO,LEO (Starlink)
2023-10-22,02:17:00,2023,Falcon 9,Starlink: Group 6-24 (23 satellites),16800,LEO,LEO (Starlink)
2023-10-29,09:00:00,2023,Falcon 9,Starlink: Group 7-6 (22 satellites),16100,LEO,LEO (Starlink)
2023-10-30,23:20:00,2023,Falcon 9,Starlink: Group 6-25 (23 satellites),16800,LEO,LEO (Starlink)
2023-11-04,00:37:00,2023,Falcon 9,Starlink: Group 6-26 (23 satellites),16800,LEO,LEO (Starlink)
2023-11-08,05:05:00,2023,Falcon 9,Starlink: Group 6-27 (23 satellites),16800,LEO,LEO (Starlink)
2023-11-10,01:28:00,2023,Falcon 9,SpaceX CRS-29 (Dragon C211.2),9525,LEO (ISS),LEO (Other)
2023-11-11,18:49:00,2023,Falcon 9,Transporter-9 (113 payload smallsat rideshare),0,SSO,SSO (Other)
2023-11-12,21:08:00,2023,Falcon 9,O3b mPOWER 5 & 6,4100,MEO,MEO
2023-11-18,05:05:00,2023,Falcon 9,Starlink: Group 6-28 (23 satellites),16800,LEO,LEO (Starlink)
2023-11-18,13:02:00,2023,Block 1 Starship,Starship Test,0,Transatmospheric[17],Transatmospheric
2023-11-20,10:30:00,2023,Falcon 9,Starlink: Group 7-7 (22 satellites),16100,LEO,LEO (Starlink)
2023-11-22,07:47:00,2023,Falcon 9,Starlink: Group 6-29 (23 satellites),16800,LEO,LEO (Starlink)
2023-11-28,04:20:00,2023,Falcon 9,Starlink: Group 6-30 (23 satellites),16800,LEO,LEO (Starlink)
2023-12-01,18:19:00,2023,Falcon 9,425 Project Flight 1[184]EIRSAT-1 and others 23 secondary payloads[185],800,SSO,SSO (Other)
2023-12-03,04:00:00,2023,Falcon 9,Starlink: Group 6-31 (23 satellites),16800,LEO,LEO (Starlink)
2023-12-07,05:07:00,2023,Falcon 9,Starlink: Group 6-33 (23 satellites),16800,LEO,LEO (Starlink)
2023-12-08,08:03:00,2023,Falcon 9,Starlink: Group 7-8 (22 satellites),16100,LEO,LEO (Starlink)
2023-12-19,04:01:00,2023,Falcon 9,Starlink: Group 6-34 (23 satellites),16800,LEO,LEO (Starlink)
2023-12-23,05:33:00,2023,Falcon 9,Starlink: Group 6-32 (23 satellites),16800,LEO,LEO (Starlink)
2023-12-24,13:11:00,2023,Falcon 9,SARah 2 & 3[197],3600,SSO,SSO (Other)
2023-12-29,01:07:00,2023,Falcon Heavy,USSF-52 (Boeing X-37B OTV-7),6350,High Elliptical HEO[201],Other
2023-12-29,04:01:00,2023,Falcon 9,Starlink: Group 6-36 (23 satellites),16800,LEO,LEO (Starlink)
2024-01-03,03:44:00,2024,Falcon 9,Starlink: Group 7-9 (22 satellites),16800,LEO,LEO (Starlink)
2024-01-03,23:04:00,2024,Falcon 9,Ovzon-3,1800,GTO,GTO/GEO
2024-01-07,22:35:00,2024,Falcon 9,Starlink: Group 6-35 (23 satellites),17100,LEO,LEO (Starlink)
2024-01-14,08:59:00,2024,Falcon 9,Starlink: Group 7-10 (22 satellites),16700,LEO,LEO (Starlink)
2024-01-15,01:52:00,2024,Falcon 9,Starlink: Group 6-37 (23 satellites),17100,LEO,LEO (Starlink)
2024-01-18,21:49:00,2024,Falcon 9,Ax-3 (Crew Dragon C212-3 Freedom),13000,LEO (ISS),LEO (Other)
2024-01-24,00:35:00,2024,Falcon 9,Starlink: Group 7-11 (22 satellites),16700,LEO,LEO (Starlink)
2024-01-29,01:10:00,2024,Falcon 9,Starlink: Group 6-38 (23 satellites),17100,LEO,LEO (Starlink)
2024-01-29,05:57:00,2024,Falcon 9,Starlink: Group 7-12 (22 satellites),16700,LEO,LEO (Starlink)
2024-01-30,17:07:00,2024,Falcon 9,CRS NG-20,3726,LEO (ISS),LEO (Other)
2024-02-08,06:33:00,2024,Falcon 9,PACE,1694,SSO,SSO (Other)
2024-02-10,00:34:00,2024,Falcon 9,Starlink: Group 7-13 (22 satellites),16700,LEO,LEO (Starlink)
2024-02-14,22:30:00,2024,Falcon 9,USSF-124 (6 satellites),0,LEO,LEO (Other)
2024-02-15,06:05:00,2024,Falcon 9,IM-1 Nova-C Odysseus lander,1931,TLI,Other
2024-02-15,21:34:00,2024,Falcon 9,Starlink: Group 7-14 (22 satellites),16700,LEO,LEO (Starlink)
2024-02-20,20:11:00,2024,Falcon 9,Telkomsat HTS 113BT,4000,GTO,GTO/GEO
2024-02-23,04:11:00,2024,Falcon 9,Starlink: Group 7-15 (22 satellites),16700,LEO,LEO (Starlink)
2024-02-25,22:06:00,2024,Falcon 9,Starlink: Group 6-39 (24 satellites),17500,LEO,LEO (Starlink)
2024-02-29,15:30:00,2024,Falcon 9,Starlink: Group 6-40 (23 satellites),17100,LEO,LEO (Starlink)
2024-03-04,03:53:00,2024,Falcon 9,Crew-8 (Crew Dragon C206-5 Endeavour),13000,LEO (ISS),LEO (Other)
2024-03-04,22:05:00,2024,Falcon 9,Transporter-10 (53 payload smallsat rideshare),0,SSO,SSO (Other)
2024-03-04,23:56:00,2024,Falcon 9,Starlink: Group 6-41 (23 satellites),17100,LEO,LEO (Starlink)
2024-03-10,23:05:00,2024,Falcon 9,Starlink: Group 6-43 (23 satellites),17100,LEO,LEO (Starlink)
2024-03-11,04:09:00,2024,Falcon 9,Starlink: Group 7-17 (23 satellites),17100,LEO,LEO (Starlink)
2024-03-14,13:25:00,2024,Block 1 Starship,Starship Test,0,Suborbital[21],Other
2024-03-16,00:21:00,2024,Falcon 9,Starlink: Group 6-44 (23 satellites),17100,LEO,LEO (Starlink)
2024-03-19,02:28:00,2024,Falcon 9,Starlink: Group 7-16 (20 satellites) + 2 Starshield satellites,16300,LEO,LEO (Starlink)
2024-03-21,20:55:00,2024,Falcon 9,SpaceX CRS-30 (Dragon C209-4),2721,LEO (ISS),LEO (Other)
2024-03-24,03:09:00,2024,Falcon 9,Starlink: Group 6-42 (23 satellites),17100,LEO,LEO (Starlink)
2024-03-25,23:42:00,2024,Falcon 9,Starlink: Group 6-46 (23 satellites),17100,LEO,LEO (Starlink)
2024-03-30,21:52:00,2024,Falcon 9,Eutelsat 36D,5000,GTO,GTO/GEO
2024-03-31,01:30:00,2024,Falcon 9,Starlink: Group 6-45 (23 satellites),17100,LEO,LEO (Starlink)
2024-04-02,02:30:00,2024,Falcon 9,Starlink: Group 7-18 (22 satellites),16700,LEO,LEO (Starlink)
2024-04-05,09:12:00,2024,Falcon 9,Starlink: Group 6-47 (23 satellites),17100,LEO,LEO (Starlink)
2024-04-07,02:25:00,2024,Falcon 9,Starlink: Group 8-1 (21 satellites),16800,LEO,LEO (Starlink)
2024-04-07,23:16:00,2024,Falcon 9,"Bandwagon-1 (11 payload smallsat rideshare)
425 Project Flight 2",0,LEO,LEO (Other)
2024-04-10,05:40:00,2024,Falcon 9,Starlink: Group 6-48 (23 satellites),17100,LEO,LEO (Starlink)
2024-04-11,14:25:00,2024,Falcon 9,USSF-62 (WSF-M 1),1200,SSO,SSO (Other)
2024-04-13,01:40:00,2024,Falcon 9,Starlink: Group 6-49 (23 satellites),17100,LEO,LEO (Starlink)
2024-04-17,21:26:00,2024,Falcon 9,Starlink: Group 6-51 (23 satellites),17100,LEO,LEO (Starlink)
2024-04-18,22:40:00,2024,Falcon 9,Starlink: Group 6-52 (23 satellites),17100,LEO,LEO (Starlink)
2024-04-23,22:17:00,2024,Falcon 9,Starlink: Group 6-53 (23 satellites),17100,LEO,LEO (Starlink)
2024-04-28,00:34:00,2024,Falcon 9,Galileo-L12 (FOC FM25 & FM27),1600,MEO,MEO
2024-04-28,22:08:00,2024,Falcon 9,Starlink: Group 6-54 (23 satellites),17100,LEO,LEO (Starlink)
2024-05-02,18:36:00,2024,Falcon 9,WorldView Legion 1 & 2,1500,SSO,SSO (Other)
2024-05-03,02:37:00,2024,Falcon 9,Starlink: Group 6-55 (23 satellites),17100,LEO,LEO (Starlink)
2024-05-06,18:14:00,2024,Falcon 9,Starlink: Group 6-57 (23 satellites),17100,LEO,LEO (Starlink)
2024-05-08,18:42:00,2024,Falcon 9,Starlink: Group 6-56 (23 satellites),17100,LEO,LEO (Starlink)
2024-05-10,04:30:00,2024,Falcon 9,Starlink: Group 8-2 (20 satellites),16300,LEO,LEO (Starlink)
2024-05-13,00:53:00,2024,Falcon 9,Starlink: Group 6-58 (23 satellites),17100,LEO,LEO (Starlink)
2024-05-14,18:39:00,2024,Falcon 9,Starlink: Group 8-7 (20 satellites),16300,LEO,LEO (Starlink)
2024-05-18,00:32:00,2024,Falcon 9,Starlink: Group 6-59 (23 satellites),17100,LEO,LEO (Starlink)
2024-05-22,08:00:00,2024,Falcon 9,NROL-146 (21 Starshield satellites),0,SSO,SSO (Other)
2024-05-23,02:35:00,2024,Falcon 9,Starlink: Group 6-62 (23 satellites),17100,LEO,LEO (Starlink)
2024-05-24,02:45:00,2024,Falcon 9,Starlink: Group 6-63 (23 satellites),17100,LEO,LEO (Starlink)
2024-05-28,14:24:00,2024,Falcon 9,Starlink: Group 6-60 (23 satellites),17100,LEO,LEO (Starlink)
2024-05-28,22:20:00,2024,Falcon 9,EarthCARE,2350,SSO,SSO (Other)
2024-06-01,02:37:00,2024,Falcon 9,Starlink: Group 6-64 (23 satellites),17100,LEO,LEO (Starlink)
2024-06-05,02:16:00,2024,Falcon 9,Starlink: Group 8-5 (20 satellites),16300,LEO,LEO (Starlink)
2024-06-06,12:50:00,2024,Block 1 Starship,Starship Test,0,Suborbital[28],Other
2024-06-08,01:56:00,2024,Falcon 9,Starlink: Group 10-1 (22 satellites),16700,LEO,LEO (Starlink)
2024-06-08,12:58:00,2024,Falcon 9,Starlink: Group 8-8 (20 satellites),16300,LEO,LEO (Starlink)
2024-06-19,03:40:00,2024,Falcon 9,Starlink: Group 9-1 (20 satellites),16300,LEO,LEO (Starlink)
2024-06-20,21:35:00,2024,Falcon 9,Astra 1P,5000,GTO,GTO/GEO
2024-06-23,17:15:00,2024,Falcon 9,Starlink: Group 10-2 (22 satellites),16700,LEO,LEO (Starlink)
2024-06-24,03:47:00,2024,Falcon 9,Starlink: Group 9-2 (20 satellites),16300,LEO,LEO (Starlink)
2024-06-25,21:26:00,2024,Falcon Heavy,GOES-U (GOES-19)[127],5000,GTO,GTO/GEO
2024-06-27,11:14:00,2024,Falcon 9,Starlink: Group 10-3 (23 satellites),17100,LEO,LEO (Starlink)
2024-06-29,03:14:00,2024,Falcon 9,NROL-186 (~21 Starshield satellites),0,SSO,SSO (Other)
2024-07-03,08:55:00,2024,Falcon 9,Starlink: Group 8-9 (20 satellites),16300,LEO,LEO (Starlink)
2024-07-08,23:30:00,2024,Falcon 9,Türksat 6A,4250,GTO,GTO/GEO
2024-07-12,02:35:00,2024,Falcon 9,Starlink: Group 9-3 (20 satellites),0,LEO,LEO (Starlink)
2024-07-27,05:45:00,2024,Falcon 9,Starlink: Group 10-9 (23 satellites),17100,LEO,LEO (Starlink)
2024-07-28,05:09:00,2024,Falcon 9,Starlink: Group 10-4 (23 satellites),17100,LEO,LEO (Starlink)
2024-07-28,09:22:00,2024,Falcon 9,Starlink: Group 9-4 (21 satellites),16500,LEO,LEO (Starlink)
2024-08-02,05:01:00,2024,Falcon 9,Starlink: Group 10-6 (23 satellites),17100,LEO,LEO (Starlink)
2024-08-04,07:24:00,2024,Falcon 9,Starlink: Group 11-1 (23 satellites),17100,LEO,LEO (Starlink)
2024-08-04,15:02:00,2024,Falcon 9,CRS NG-21,3857,LEO (ISS),LEO (Other)
2024-08-10,12:50:00,2024,Falcon 9,Starlink: Group 8-3 (21 satellites),16500,LEO,LEO (Starlink)
2024-08-12,02:02:00,2024,Falcon 9,ASBM 1 (GX 10A) & ASBM 2 (GX 10B),7230,Molniya,Other
2024-08-12,10:37:00,2024,Falcon 9,Starlink: Group 10-7 (23 satellites),17100,LEO,LEO (Starlink)
2024-08-15,13:00:00,2024,Falcon 9,WorldView Legion 3 & 4,1500,LEO,LEO (Other)
2024-08-16,18:56:00,2024,Falcon 9,Transporter-11 (116 payload smallsat rideshare),0,SSO,SSO (Other)
2024-08-20,13:20:00,2024,Falcon 9,Starlink: Group 10-5 (23 satellites),16700,LEO,LEO (Starlink)
2024-08-28,07:48:00,2024,Falcon 9,Starlink: Group 8-6 (21 satellites),16700,LEO,LEO (Starlink)
2024-08-31,07:43:00,2024,Falcon 9,Starlink: Group 8-10 (21 satellites),16700,LEO,LEO (Starlink)
2024-08-31,08:48:00,2024,Falcon 9,Starlink: Group 9-5 (21 satellites),16700,LEO,LEO (Starlink)
2024-09-05,15:33:00,2024,Falcon 9,Starlink: Group 8-11 (21 satellites),16700,LEO,LEO (Starlink)
2024-09-06,03:20:00,2024,Falcon 9,NROL-113 (21 Starshield satellites),0,LEO,LEO (Other)
2024-09-10,09:23:00,2024,Falcon 9,Polaris Dawn (Crew Dragon C207-3 Resilience),13000,LEO,LEO (Other)
2024-09-12,08:52:00,2024,Falcon 9,BlueBird Block 1 (5 satellites)[173],7500,LEO,LEO (Other)
2024-09-13,01:45:00,2024,Falcon 9,Starlink: Group 9-6 (21 satellites),16700,LEO,LEO (Starlink)
2024-09-17,22:50:00,2024,Falcon 9,Galileo-L13 (FOC FM26 & FM32),1600,MEO,MEO
2024-09-20,13:50:00,2024,Falcon 9,Starlink: Group 9-17 (20 satellites),16300,LEO,LEO (Starlink)
2024-09-25,04:01:00,2024,Falcon 9,Starlink: Group 9-8 (20 satellites),16300,LEO,LEO (Starlink)
2024-09-28,17:17:00,2024,Falcon 9,Crew-9 (Crew Dragon C212-4 Freedom),13000,LEO (ISS),LEO (Other)
2024-10-07,14:52:00,2024,Falcon 9,Hera,1108,Heliocentric,Heliocentric
2024-10-13,12:25:00,2024,Block 1 Starship,Starship Test,0,Suborbital[34],Other
2024-10-14,16:06:00,2024,Falcon Heavy,Europa Clipper,6065,Heliocentric,Heliocentric
2024-10-15,06:10:00,2024,Falcon 9,Starlink: Group 10-10 (23 satellites),17100,LEO,LEO (Starlink)
2024-10-15,08:21:00,2024,Falcon 9,Starlink: Group 9-7 (20 satellites),16300,LEO,LEO (Starlink)
2024-10-18,23:31:00,2024,Falcon 9,Starlink: Group 8-19 (20 satellites),16300,LEO,LEO (Starlink)
2024-10-20,05:13:00,2024,Falcon 9,OneWeb #20 (20 satellites),2954,Polar LEO,LEO (Other)
2024-10-23,21:47:00,2024,Falcon 9,Starlink: Group 6-61 (23 satellites),17100,LEO,LEO (Starlink)
2024-10-24,17:13:00,2024,Falcon 9,NROL-167 (~17 Starshield satellites),0,LEO,LEO (Other)
2024-10-26,21:47:00,2024,Falcon 9,Starlink: Group 10-8 (22 satellites),16700,LEO,LEO (Starlink)
2024-10-30,12:07:00,2024,Falcon 9,Starlink: Group 9-9 (20 satellites),16300,LEO,LEO (Starlink)
2024-10-30,21:10:00,2024,Falcon 9,Starlink: Group 10-13 (23 satellites),17100,LEO,LEO (Starlink)
2024-11-05,02:29:00,2024,Falcon 9,SpaceX CRS-31 (Cargo Dragon C208-5),2762,LEO (ISS),LEO (Other)
2024-11-07,20:19:00,2024,Falcon 9,Starlink: Group 6-77 (23 satellites),17100,LEO,LEO (Starlink)
2024-11-09,06:14:00,2024,Falcon 9,Starlink: Group 9-10 (20 satellites),16300,LEO,LEO (Starlink)
2024-11-11,17:22:00,2024,Falcon 9,Koreasat 6A,3900,GTO,GTO/GEO
2024-11-11,21:28:00,2024,Falcon 9,Starlink: Group 6-69 (24 satellites),17500,LEO,LEO (Starlink)
2024-11-14,05:23:00,2024,Falcon 9,Starlink: Group 9-11 (20 satellites),16300,LEO,LEO (Starlink)
2024-11-14,13:21:00,2024,Falcon 9,Starlink: Group 6-68 (24 satellites),17500,LEO,LEO (Starlink)
2024-11-17,22:28:00,2024,Falcon 9,Optus-X/TD7,4000,GTO,GTO/GEO
2024-11-18,05:53:00,2024,Falcon 9,Starlink: Group 9-12 (20 satellites),16300,LEO,LEO (Starlink)
2024-11-18,18:31:00,2024,Falcon 9,GSAT-20 (GSAT-N2),4700,GTO,GTO/GEO
2024-11-19,22:00:00,2024,Block 1 Starship,Plush banana,0,Transatmospheric[36],Transatmospheric
2024-11-21,16:07:00,2024,Falcon 9,Starlink: Group 6-66 (24 satellites),17500,LEO,LEO (Starlink)
2024-11-24,05:25:00,2024,Falcon 9,Starlink: Group 9-13 (20 satellites),16300,LEO,LEO (Starlink)
2024-11-25,10:02:00,2024,Falcon 9,Starlink: Group 12-1 (23 satellites),17100,LEO,LEO (Starlink)
2024-11-27,04:41:00,2024,Falcon 9,Starlink: Group 6-76 (24 satellites),17500,LEO,LEO (Starlink)
2024-11-30,05:00:00,2024,Falcon 9,Starlink: Group 6-65 (24 satellites),17500,LEO,LEO (Starlink)
2024-11-30,08:10:00,2024,Falcon 9,NROL-126 (2 Starshield satellites) + Starlink: Group N-01[228] (20 satellites),16100,LEO,LEO (Starlink)
2024-12-04,10:13:00,2024,Falcon 9,Starlink: Group 6-70 (24 satellites),17500,LEO,LEO (Starlink)
2024-12-05,03:05:00,2024,Falcon 9,Starlink: Group 9-14 (20 satellites),16300,LEO,LEO (Starlink)
2024-12-05,16:10:00,2024,Falcon 9,SXM-9,7000,GTO,GTO/GEO
2024-12-08,05:12:00,2024,Falcon 9,Starlink: Group 12-5 (23 satellites),17100,LEO,LEO (Starlink)
2024-12-13,21:55:00,2024,Falcon 9,Starlink: Group 11-2 (22 satellites),16700,LEO,LEO (Starlink)
2024-12-17,00:52:00,2024,Falcon 9,GPS III-7 (RRT-1)[237][238],4350,MEO,MEO
2024-12-17,13:19:00,2024,Falcon 9,NROL-149 (22 Starshield satellites)[240],0,LEO,LEO (Other)
2024-12-17,22:26:00,2024,Falcon 9,O3b mPOWER 7 & 8,3400,MEO,MEO
2024-12-21,11:34:00,2024,Falcon 9,Bandwagon-2 (30 payload smallsat rideshare)[68][88]425 Project Flight 3,800,LEO,LEO (Other)
2024-12-23,05:35:00,2024,Falcon 9,Starlink: Group 12-2 (21 satellites),16500,LEO,LEO (Starlink)
2024-12-29,01:58:00,2024,Falcon 9,Starlink: Group 11-3 (22 satellites),16700,LEO,LEO (Starlink)
2024-12-29,05:00:00,2024,Falcon 9,Astranis: From One to Many (4 satellites),1600,GTO,GTO/GEO
2024-12-31,05:39:00,2024,Falcon 9,Starlink: Group 12-6 (21 satellites),16500,LEO,LEO (Starlink)
2025-01-04,01:27:00,2025,Falcon 9,Thuraya 4-NGS,5000,GTO,GTO/GEO
2025-01-06,20:43:00,2025,Falcon 9,Starlink: Group 6‑71 (24 satellites),17500,LEO,LEO (Starlink)
2025-01-08,15:27:00,2025,Falcon 9,Starlink: Group 12-11 (21 satellites),16500,LEO,LEO (Starlink)
2025-01-10,03:53:00,2025,Falcon 9,NROL-153 (22 Starshield satellites)[260],0,LEO,LEO (Other)
2025-01-10,19:11:00,2025,Falcon 9,Starlink: Group 12-12 (21 satellites),16500,LEO,LEO (Starlink)
2025-01-13,16:47:00,2025,Falcon 9,Starlink: Group 12-4 (21 satellites),16500,LEO,LEO (Starlink)
2025-01-14,19:09:00,2025,Falcon 9,Transporter-12 (131 payload smallsat rideshare),2000,SSO,SSO (Other)
2025-01-15,06:11:00,2025,Falcon 9,Blue Ghost Mission 1,2517,TLI,Other
2025-01-16,22:37:00,2025,Block 2 Starship,10 Starlink simulator satellites[41],0,Transatmospheric[44],Other
2025-01-21,05:24:00,2025,Falcon 9,Starlink: Group 13-1 (21 satellites) + 2 Starshield satellites,15300,LEO,LEO (Starlink)
2025-01-21,15:45:00,2025,Falcon 9,Starlink: Group 11-8 (27 satellites),15500,LEO,LEO (Starlink)
2025-01-24,14:07:00,2025,Falcon 9,Starlink: Group 11-6 (23 satellites),17100,LEO,LEO (Starlink)
2025-01-27,22:05:00,2025,Falcon 9,Starlink: Group 12-7 (21 satellites),16500,LEO,LEO (Starlink)
2025-01-30,01:34:00,2025,Falcon 9,Spainsat NG I,6100,GTO,GTO/GEO
2025-02-01,23:02:00,2025,Falcon 9,Starlink: Group 11-4 (22 satellites),16700,LEO,LEO (Starlink)
2025-02-04,10:15:00,2025,Falcon 9,Starlink: Group 12-3 (21 satellites),16500,LEO,LEO (Starlink)
2025-02-04,23:13:00,2025,Falcon 9,WorldView Legion 5 & 6 (2 satellites),1500,LEO,LEO (Other)
2025-02-08,19:18:00,2025,Falcon 9,Starlink: Group 12-9 (21 satellites),16500,LEO,LEO (Starlink)
2025-02-11,02:09:00,2025,Falcon 9,Starlink: Group 11-10 (23 satellites),17100,LEO,LEO (Starlink)
2025-02-11,18:53:00,2025,Falcon 9,Starlink: Group 12-18 (21 satellites),16500,LEO,LEO (Starlink)
2025-02-15,06:14:00,2025,Falcon 9,Starlink: Group 12-8 (21 satellites),16500,LEO,LEO (Starlink)
2025-02-18,23:21:00,2025,Falcon 9,Starlink: Group 10-12 (23 satellites),17100,LEO,LEO (Starlink)
2025-02-21,15:19:00,2025,Falcon 9,Starlink: Group 12-14 (23 satellites),17100,LEO,LEO (Starlink)
2025-02-23,01:38:00,2025,Falcon 9,Starlink: Group 15-1 (22 satellites),16800,LEO,LEO (Starlink)
2025-02-27,00:16:00,2025,Falcon 9,"IM-2 Nova-C ""Athena"" lunar landerLunar TrailblazerBrokkr-2 Odin[293]Chimera-1TBD",0,TLI,Other
2025-02-27,03:34:00,2025,Falcon 9,Starlink: Group 12-13 (21 satellites),16500,LEO,LEO (Starlink)
2025-03-03,02:24:00,2025,Falcon 9,Starlink: Group 12-20 (21 satellites),16500,LEO,LEO (Starlink)
2025-03-06,23:31:00,2025,Block 2 Starship,4 Starlink simulator satellites[48],0,Transatmospheric,Other
2025-03-12,03:10:00,2025,Falcon 9,SPHERExPUNCH[302],758,SSO,SSO (Other)
2025-03-13,02:35:00,2025,Falcon 9,Starlink: Group 12-21,16500,LEO,LEO (Starlink)
2025-03-14,23:03:00,2025,Falcon 9,Crew-10 (Crew Dragon C210-4 Endurance),13000,LEO (ISS),LEO (Other)
2025-03-15,06:43:00,2025,Falcon 9,Transporter-13 (74 payload smallsat rideshare)[68],0,SSO,SSO (Other)
2025-03-15,11:35:00,2025,Falcon 9,Starlink: Group 12-16,17100,LEO,LEO (Starlink)
2025-03-18,19:57:00,2025,Falcon 9,Starlink: Group 12-25,17100,LEO,LEO (Starlink)
2025-03-21,06:49:00,2025,Falcon 9,NROL-57 (~11 Starshield satellites),0,LEO,LEO (Other)
2025-03-24,17:48:00,2025,Falcon 9,NROL-69,0,LEO,LEO (Other)
2025-03-26,22:11:00,2025,Falcon 9,Starlink: Group 11-7,15500,LEO,LEO (Starlink)
2025-03-31,19:52:00,2025,Falcon 9,Starlink: Group 6-80,16100,LEO,LEO (Starlink)
2025-04-01,01:46:00,2025,Falcon 9,Fram2 (Crew Dragon C207-4 Resilience),13000,Polar (Retrograde),Other
2025-04-04,01:02:00,2025,Falcon 9,Starlink: Group 11-13,15500,LEO,LEO (Starlink)
2025-04-06,03:07:00,2025,Falcon 9,Starlink: Group 6-72,16100,LEO,LEO (Starlink)
2025-04-07,23:06:00,2025,Falcon 9,Starlink: Group 11-11,15500,LEO,LEO (Starlink)
2025-04-12,12:25:00,2025,Falcon 9,NROL-192 (22 Starshield satellites),0,LEO,LEO (Other)
2025-04-13,00:53:00,2025,Falcon 9,Starlink: Group 12-17,16500,LEO,LEO (Starlink)
2025-04-14,04:00:00,2025,Falcon 9,Starlink: Group 6-73,15500,LEO,LEO (Starlink)
2025-04-20,12:29:00,2025,Falcon 9,NROL-145 (22 Starshield satellites),0,LEO,LEO (Other)
2025-04-21,08:15:00,2025,Falcon 9,SpaceX CRS-32 (Cargo Dragon C209-5),3021,LEO (ISS),LEO (Other)
2025-04-22,00:48:00,2025,Falcon 9,"Bandwagon-3 (425Sat-3,[326] Tomorrow-S7, PHOENIX)",0,LEO,LEO (Other)
2025-04-25,01:52:00,2025,Falcon 9,Starlink: Group 6-74,16100,LEO,LEO (Starlink)
2025-04-28,02:09:00,2025,Falcon 9,Starlink: Group 12-23,17100,LEO,LEO (Starlink)
2025-04-28,20:42:00,2025,Falcon 9,Starlink: Group 11-9,15500,LEO,LEO (Starlink)
2025-04-29,02:34:00,2025,Falcon 9,Starlink: Group 12-10,17100,LEO,LEO (Starlink)
2025-05-02,01:51:00,2025,Falcon 9,Starlink: Group 6-75,16100,LEO,LEO (Starlink)
2025-05-04,08:54:00,2025,Falcon 9,Starlink: Group 6-84,16675,LEO,LEO (Starlink)
2025-05-07,01:17:00,2025,Falcon 9,Starlink: Group 6-93,16100,LEO,LEO (Starlink)
2025-05-10,00:19:00,2025,Falcon 9,Starlink: Group 15-3,14950,LEO,LEO (Starlink)
2025-05-10,06:28:00,2025,Falcon 9,Starlink: Group 6-91,16100,LEO,LEO (Starlink)
2025-05-13,01:15:00,2025,Falcon 9,Starlink: Group 15-4,14950,LEO,LEO (Starlink)
2025-05-13,05:02:00,2025,Falcon 9,Starlink: Group 6-83,16100,LEO,LEO (Starlink)
2025-05-14,16:38:00,2025,Falcon 9,Starlink: Group 6-67,16100,LEO,LEO (Starlink)
2025-05-16,13:43:00,2025,Falcon 9,Starlink: Group 15-5,14950,LEO,LEO (Starlink)
2025-05-21,03:19:00,2025,Falcon 9,Starlink: Group 12-15,17100,LEO,LEO (Starlink)
2025-05-23,22:32:00,2025,Falcon 9,Starlink: Group 11-16,15500,LEO,LEO (Starlink)
2025-05-24,17:19:00,2025,Falcon 9,Starlink: Group 12-22,17100,LEO,LEO (Starlink)
2025-05-27,16:57:00,2025,Falcon 9,Starlink: Group 17-1,17500,SSO,SSO (Starlink)
2025-05-27,23:36:00,2025,Block 2 Starship,8 Starlink simulator satellites[50],0,Transatmospheric,Other
2025-05-28,13:30:00,2025,Falcon 9,Starlink: Group 10-32,15500,LEO,LEO (Starlink)
2025-05-30,17:37:00,2025,Falcon 9,GPS III-8,4350,MEO,MEO
2025-05-31,20:10:00,2025,Falcon 9,Starlink: Group 11-18,15500,LEO,LEO (Starlink)
2025-06-03,04:43:00,2025,Falcon 9,Starlink: Group 12-19,17100,LEO,LEO (Starlink)
2025-06-04,23:40:00,2025,Falcon 9,Starlink: Group 11-22,15500,LEO,LEO (Starlink)
2025-06-07,04:54:00,2025,Falcon 9,SXM-10,6400,GTO,GTO/GEO
2025-06-08,14:20:00,2025,Falcon 9,Starlink: Group 15-8,14950,LEO,LEO (Starlink)
2025-06-10,13:05:00,2025,Falcon 9,Starlink: Group 12-24,17100,LEO,LEO (Starlink)
2025-06-13,01:54:00,2025,Falcon 9,Starlink: Group 15-6,14950,LEO,LEO (Starlink)
2025-06-13,15:29:00,2025,Falcon 9,Starlink: Group 12-26,17100,LEO,LEO (Starlink)
2025-06-17,03:36:00,2025,Falcon 9,Starlink: Group 15-9,14950,LEO,LEO (Starlink)
2025-06-18,05:55:00,2025,Falcon 9,Starlink: Group 10-18,16100,LEO,LEO (Starlink)
2025-06-23,05:58:00,2025,Falcon 9,Starlink: Group 10-23,15500,LEO,LEO (Starlink)
2025-06-23,21:25:00,2025,Falcon 9,Transporter-14 (70 payloads smallsat rideshare)[68],0,SSO,SSO (Other)
2025-06-25,06:31:00,2025,Falcon 9,Axiom Mission 4 (Crew Dragon C213-1 Grace),13000,LEO (ISS),LEO (Other)
2025-06-25,19:54:00,2025,Falcon 9,Starlink: Group 10-16,15500,LEO,LEO (Starlink)
2025-06-28,04:26:00,2025,Falcon 9,Starlink: Group 10-34,15500,LEO,LEO (Starlink)
2025-06-28,17:13:00,2025,Falcon 9,Starlink: Group 15-7,14950,LEO,LEO (Starlink)
2025-07-01,21:04:00,2025,Falcon 9,MTG-S1 / Sentinel-4A[364],3800,GTO,GTO/GEO
2025-07-02,06:28:00,2025,Falcon 9,Starlink: Group 10-25,15500,LEO,LEO (Starlink)
2025-07-08,08:21:00,2025,Falcon 9,Starlink: Group 10-28,16100,LEO,LEO (Starlink)
2025-07-13,05:04:00,2025,Falcon 9,Dror-1 [he],4000,GTO,GTO/GEO
2025-07-16,02:05:00,2025,Falcon 9,Starlink: Group 15-2,14950,LEO,LEO (Starlink)
2025-07-16,06:30:00,2025,Falcon 9,KuiperSat × 24 (KF-01),14784,LEO,LEO (Other)
2025-07-19,03:52:00,2025,Falcon 9,Starlink: Group 17-3,17500,SSO,SSO (Starlink)
2025-07-22,21:12:00,2025,Falcon 9,O3b mPOWER 9 & 10,3400,MEO,MEO
2025-07-23,18:13:00,2025,Falcon 9,TRACERS (2 satellites)+ 5 rideshares,920,SSO,SSO (Other)
2025-07-26,09:01:00,2025,Falcon 9,Starlink: Group 10-26,16100,LEO,LEO (Starlink)
2025-07-27,04:31:00,2025,Falcon 9,Starlink: Group 17-2,17500,SSO,SSO (Starlink)
2025-07-30,03:37:00,2025,Falcon 9,Starlink: Group 10-29,16100,LEO,LEO (Starlink)
2025-07-31,18:35:00,2025,Falcon 9,Starlink: Group 13-4 + 2 Starshield satellites)[381],14060,SSO,SSO (Starlink)
2025-08-01,15:43:00,2025,Falcon 9,Crew-11 (Crew Dragon C206-6 Endeavour),13000,LEO (ISS),LEO (Other)
2025-08-04,07:57:00,2025,Falcon 9,Starlink: Group 10-30,16100,LEO,LEO (Starlink)
2025-08-11,12:35:00,2025,Falcon 9,KuiperSat × 24 (KF-02),14784,LEO,LEO (Other)
2025-08-14,05:05:00,2025,Falcon 9,Starlink: Group 17-4,17500,SSO,SSO (Starlink)
2025-08-14,12:29:00,2025,Falcon 9,Starlink: Group 10-20,16100,LEO,LEO (Starlink)
2025-08-18,16:26:00,2025,Falcon 9,Starlink: Group 17-5,17500,SSO,SSO (Starlink)
2025-08-22,03:50:00,2025,Falcon 9,USSF-36 (Boeing X-37B OTV-8),4990,LEO,LEO (Other)
2025-08-22,17:04:00,2025,Falcon 9,Starlink: Group 17-6,17500,SSO,SSO (Starlink)
2025-08-24,06:45:00,2025,Falcon 9,SpaceX CRS-33 (Dragon C211-3),2300,LEO (ISS),LEO (Other)
2025-08-26,18:53:00,2025,Falcon 9,NAOS + 7 rideshares[398],1370,SSO,SSO (Other)
2025-08-26,23:30:00,2025,Block 2 Starship,8 Starlink simulator satellites[54],16000,Transatmospheric,Other
2025-08-27,11:10:00,2025,Falcon 9,Starlink: Group 10-56,16100,LEO,LEO (Starlink)
2025-08-28,08:12:00,2025,Falcon 9,Starlink: Group 10-11,16100,LEO,LEO (Starlink)
2025-08-30,04:59:00,2025,Falcon 9,Starlink: Group 17-7,17500,SSO,SSO (Starlink)
